{"cameraMode":{"drawMode":0,"name":"Shaded","section":"Shading Mode"},"sceneLighting":true,"audioPlay":false,"sceneViewState":{"showFog":true,"showMaterialUpdate":false,"showSkybox":true,"showFlares":true,"showImageEffects":true,"showParticleSystems":true},"in2DMode":false,"pivot":{"x":-11.334931373596192,"y":-0.6592568159103394,"z":-10.453478813171387},"rotation":{"x":-0.0444791316986084,"y":0.9500772953033447,"z":-0.15996871888637544,"w":-0.2641686499118805},"size":19.42020606994629,"orthographic":false}